{"CS-5q": [[-106.76456931309474, 0.046335662795512454], [-107.4129509912772, 0.04196172187105958], [-107.61629388100435, 0.013632735809957084], [-107.67087811239624, 0.03288140483020842], [-107.60706562020123, 0.031039884086032553], [-107.55118395755923, 0.013934510566435944], [-107.53356275801545, 0.01570213857160442], [-107.47688936573294, 0.01744216926162733], [-107.44677818305925, 0.01716622595364109], [-107.42796807512275, 0.0015871151689583265]], "bond_lengths": [0.8, 0.9333333333333333, 1.0666666666666667, 1.2000000000000002, 1.3333333333333335, 1.4666666666666668, 1.6, 1.7333333333333334, 1.8666666666666667, 2.0], "FCI": [-106.76630791562245, -107.40134831110255, -107.63094380097837, -107.67733974921178, -107.64853955391177, -107.59554287483658, -107.54208576589983, -107.49937591021389, -107.47109113295538, -107.45515559770585]}