{"standard_qubit_ADAPT": {"excitations": ["IIIIIYXXIIII", "IIIIXIIIXYII", "IIXXIIIIIIXY", "IYZZIIIIIIZX", "YZZZIIIIIIXI", "IIIYZIIIYIZY", "IIYZXIIIZYYI", "IIIYIZYIIIZY", "IIYZIXZYIIYI", "IIIYIIIXIIXI", "IIYZIXXIIIZX", "IIXZYIIIXIZX", "IIIYIIIIIYYI", "IYZZIIIIIIZX", "XZZZIIIIIIYI", "IIIIXIIIXYII", "IIYZIXXIIIZX", "YZZZIIIIIIXI", "IIIYIIIYIIYI", "IIXXIIIIIIYX", "IYZZIIIIIIZX", "IIIYIIYZIIZY", "IIIYIIIIYZZY", "IIYZXIIIZYYI", "IIIYIIIIXZZX", "YZZZIIIIIIXI", "IIXZIYZXIIXI", "IIYZYIIIXIZY", "IIXZYIIIZXXI", "IIYZIXZYIIYI", "IIYZIYZYIIXI", "IIIYIIXZIIZX", "IIXZIYZYIIYI", "IIXZXIIIZXYI", "IIIYZIIIXIZX", "IIYZYIIIZYXI", "IIXZIZXIIIYI", "IIIYIZXIIIZX", "IIIIIYXXIIII", "IIXZIXYIIIZX", "IIIYIZYIIIZY", "IIIXIIXZIIZY", "IIIXIZYIIIZX", "IIIIZYZXXIII", "IIIIXZYIZXII", "IIXZIYYIIIZY", "IIXZXIIIZYXI", "IIXZIXZYIIXI", "IIYZZIIIYIYI", "IIIYYIIIZXZY", "IIIYZIIIZXXI", "IIIXZIIIXIZY", "IIIIYZZYYIII", "IIIIZZXIYIII", "IIIIYXZXZXII", "IIIIYIXZZXII", "IIIIZYZYYIII", "IIIIZXXIZYII", "IIIXIZXIIIZY", "IIIIYZZXXIII", "IIIXZIIIZXYI", "IIXZIIYZIIXI", "IIIYIXZYIIZY", "IIYZIXYIIIZY", "IIYZXIIIZXXI", "IIIXIIIIXZZY", "IIIXIIIYIIXI", "IIXZXIIIYIZX", "IIYZIIIIXZXI", "IIXZYIIIXIZX"], "num_nonlocal": [4, 8, 14, 22, 30, 54, 76, 102, 118, 126, 150, 185, 201, 219, 233, 245, 280, 304, 328, 352, 354, 380, 420, 442, 445, 476, 526, 543, 555, 581, 603, 608, 623, 651, 665, 679, 704, 717, 735, 743, 747, 766, 783, 822, 839, 860, 888, 919, 944, 984, 1008, 1032, 1065, 1085, 1104, 1115, 1124, 1130, 1157, 1170, 1198, 1222, 1252, 1273, 1330, 1324, 1345, 1381, 1402, 1422], "depths": [11, 11, 21, 25, 59, 85, 99, 124, 180, 178, 227, 288, 281, 341, 335, 340, 379, 383, 470, 504, 448, 528, 518, 604, 597, 569, 703, 697, 694, 745, 748, 788, 786, 824, 907, 876, 972, 1005, 992, 1016, 1027, 1002, 1009, 1133, 1191, 1239, 1133, 1328, 1397, 1465, 1260, 1402, 1522, 1288, 1426, 1376, 1671, 1703, 1703, 1378, 1845, 1820, 1817, 1770, 1566, 1767, 1944, 1634, 2019, 1893], "energies": [-107.0720666862816, -107.27265270370431, -107.35895097803306, -107.36045757957754, -107.36164980673195, -107.36221141184829, -107.36456169220926, -107.36513081979314, -107.36739808491838, -107.3696265699457, -107.37957129558055, -107.38229349924597, -107.39301742820089, -107.39367467970831, -107.39427957769827, -107.41261589257525, -107.42196869023364, -107.42348054400098, -107.42616008743869, -107.43315746329536, -107.43378454609211, -107.43392733630532, -107.43400300227665, -107.43434726945372, -107.43443682227893, -107.43464106958861, -107.43467649194949, -107.43488210379984, -107.43491888226988, -107.43501145453209, -107.43503774235869, -107.43507519787917, -107.4351872813489, -107.4352090141701, -107.4356017723777, -107.43563164537177, -107.43565570250225, -107.43598111030279, -107.43623462797463, -107.43645539606548, -107.43646729447056, -107.43654731775578, -107.43660640303509, -107.43661213297315, -107.43688156243226, -107.43711820935043, -107.43714793252073, -107.43718026849027, -107.43720024158036, -107.43723729580822, -107.43744977426614, -107.43750889731899, -107.43768502961622, -107.43769538136533, -107.43793660902097, -107.43794600291389, -107.43813922963322, -107.43840303145895, -107.43842348160382, -107.43895319817011, -107.43942279922716, -107.43948956995543, -107.43957207442365, -107.43964880343648, -107.43974889660332, -107.43994546985434, -107.44004015867897, -107.44010164225604, -107.4403463881803, -107.44042790590241], "scores": [1.0, 1.0, 0.8571428571428572, 0.7272727272727273, 0.4, 0.4736842105263158, 0.5416666666666667, 0.3928571428571429, 0.33333333333333337, 0.17142857142857137, 0.15000000000000002, 0.1333333333333333, 0.12765957446808507, 0.0980392156862745, 0.10909090909090913, 0.14035087719298245, 0.12903225806451613, 0.13636363636363635, 0.13235294117647056, 0.09859154929577463, 0.07999999999999996, 0.07594936708860756, 0.07228915662650603, 0.09090909090909094, 0.08695652173913049, 0.09375, 0.1089108910891089, 0.10377358490566035, 0.11711711711711714, 0.1293103448275862, 0.14049586776859502, 0.136, 0.1461538461538462, 0.15555555555555556, 0.15107913669064743, 0.1597222222222222, 0.16216216216216217, 0.1578947368421053, 0.16883116883116878, 0.16352201257861632, 0.1595092024539877, 0.15568862275449102, 0.15204678362573099, 0.15428571428571425, 0.011173184357541888, 0.016304347826086918, 0.015873015873015928, 0.015463917525773141, 0.010101010101010055, 0.009852216748768461, 0.009661835748792313, 0.004739336492891044, 0.009302325581395321, 0.01834862385321101, 0.022421524663677084, 0.10132158590308371, 0.09523809523809523, 0.09361702127659577, 0.09623430962343094, 0.09053497942386834, 0.09311740890688258, 0.08366533864541836, 0.08203125, 0.08429118773946365, 0.0864661654135338, 0.0888888888888889, 0.0845588235294118, 0.08664259927797835, 0.08540925266903909, 0.0874125874125874]}, "hardware_aware_ADAPT": {"excitations": ["IIIIIYXXIIII", "IIIIYIIIXXII", "IIXXIIIIIIXY", "IYZZIIIIIIZX", "IXZZIIIIIIZY", "IIIXIIIXIIYI", "IIIIIYYIIYII", "IIIIYIIIXXII", "YZZZIIIIIIXI", "IIXYIIIIIIYY", "YZZZIIIIIIXI", "XZZZIIIIIIYI", "IXZZIIIIIIZY", "IIIIIXYIIXII", "IIIIYIIYYIII", "IIXZYIIIZXXI", "IIIXZIIIYIZX", "IIYZXIIIZYYI", "IIIYXIIIZYZY", "IIIXZIIIZYXI", "IIYZXIIIYIZY", "IIIXZIIIXIZY", "IIYZXIIIZXXI", "IIIXYIIIZYZY", "IIYZYIIIZYXI", "IIIYZIIIXIZX", "IIXZXIIIZXYI", "IIXZYIIIZYYI", "IIXZXIIIXIZY", "IIIYZIIIYIZY", "IIIXXIIIZYZX", "IIIYYIIIZYZX", "IIIIIXYXIIII", "IIIYIZYIIIZY", "IIYZIYZXIIYI", "IIYZIXZYIIYI", "IIIYIIYZIIZY", "IIYZIYXIIIZY", "IIIYIZXIIIZX", "IIXZIXZXIIYI", "IIXZIYZYIIYI", "IIIYIIXZIIZX", "IIIXIIIIIXYI", "IIIXIIXZIIZY", "IIIXIZXIIIZY", "IIYZIYYIIIZX", "IIIXIIYZIIZX", "IIIXIIXZIIZY", "IIIIIXZYXZII", "IIIIIYZYYZII", "IIYZYIIIZXYI", "IIIIIIXZYZII", "IIIIIXZXYZII", "IIIIIIYZXZII", "IIYZXIIIZXXI", "IIIXIZYIIIZX", "IIYZIXZXIIXI", "IIXZZIIIYIXI", "IIXZIXZXIIYI", "XZZZIIIIIIYI", "IIIYIIIIXZZX", "IIIXYIIIZXZX", "IIIIYIIYYIII", "IIIXIIIIYZZX", "IIXZXIIIZYXI", "IIXZXIIIYIZX", "IIIYIZXIIIZX", "IIXZIXXIIIZY", "IIIXIXZXIIZY", "IXZZIIIIIIZY"], "num_nonlocal": [4, 8, 14, 22, 30, 38, 45, 51, 62, 71, 77, 85, 95, 97, 110, 145, 182, 178, 192, 196, 216, 220, 228, 242, 248, 262, 276, 286, 298, 304, 318, 318, 324, 350, 366, 388, 393, 410, 418, 434, 444, 455, 471, 491, 502, 512, 529, 535, 561, 571, 619, 637, 644, 654, 687, 712, 718, 747, 773, 796, 834, 859, 878, 890, 928, 936, 985, 995, 1013, 1031], "depths": [11, 21, 15, 31, 71, 60, 60, 57, 72, 79, 117, 133, 201, 216, 143, 202, 269, 253, 268, 321, 251, 231, 366, 270, 381, 546, 465, 395, 527, 488, 371, 529, 397, 446, 602, 624, 500, 684, 690, 733, 691, 715, 903, 890, 724, 746, 985, 798, 939, 945, 993, 982, 1016, 1097, 1137, 1042, 1127, 1098, 1306, 1263, 1191, 1396, 1269, 1280, 1360, 1430, 1426, 1349, 1454, 1535],